{
  "rmse": 1.2075450420379639,
  "mae": 0.9665402173995972,
  "n_evaluated": 1655
}