{
  "rmse": 72.70877679042938,
  "mae": 72.67994451522827,
  "r2": -1279.3973767502982
}