{
  "rmse": 60.227054595947266,
  "mae": 60.20068359375,
  "r2": -1140.9994971888195,
  "n_test_nodes": 6
}