{
  "best_train_loss": 3822.67919921875,
  "graph_stats": {
    "n_nodes": 42,
    "n_edges": 214,
    "density": 0.24854819976771197
  }
}