{
  "mean_feature_diff": 0.21541276574134827,
  "std_feature_diff": 0.22056548297405243,
  "n_generated": 44
}