{
  "final_d_loss": 1.3900967836380005,
  "final_g_loss": 0.7124271591504415
}