{
  "train_ate": 0.006557786143346138,
  "train_ci": [
    -0.1875961713785297,
    0.20071174366522201
  ],
  "placebo_ate": -0.01071297228432024,
  "placebo_ci": [
    -0.7033294439980421,
    0.6819034994294016
  ],
  "treatment_rate_test": 0.5652173913043478,
  "method": "LinearDML_crossfit"
}