{
  "ate": 0.006557786143346138,
  "ate_se": 0.09905814159279382,
  "ci_lower": -0.1875961713785297,
  "ci_upper": 0.20071174366522201,
  "method": "LinearDML_crossfit",
  "n_samples": 450
}